claim_id,domain,claim,claim_class,status,evidence_level,source_ids,primary_artifact,owner,next_action,last_reviewed
CLM-TOPIC-001,scope,"Đề tài (chốt cho ViSEF): lót giày Velostat giá rẻ tự kiểm tra độ tin cậy + theo dõi độ cứng mô khu trú gan chân, sàng lọc sớm nguy cơ loét bàn chân đái tháo đường tại nhà",design_decision,SUPERSEDED_BY_CLM-TOPIC-002,DOCUMENT_ONLY,SRC-OWNER-2026-08-26,docs/01_Topic_Definition.md,project_owner,Hướng C (DFU) đã bỏ ngày 2026-08-28,2026-08-26
CLM-BIO-001,biomechanics,"Độ cứng mô gan chân tăng ở bàn chân đái tháo đường/callus và là biomarker nguy cơ loét (DFU) — đã thiết lập, không cần chứng minh lại",scientific_claim,SUPPORTED,PEER_REVIEWED,SRC-PLANTAR-STIFFNESS-DFU,research/reviews/00_EXPLORATION_SUMMARY.md,research_team,Dùng làm nền; trích dẫn Sci Rep 2025 / J Biomech 2020,2026-08-26
CLM-NOV-001,novelty,Điểm mới chính (vật lý): dùng đáp ứng ÁP LỰC ĐỘNG của Velostat để suy độ cứng mô khu trú (callus/xơ hóa) — chưa bị prior art chiếm,hypothesis,UNVERIFIED,NONE,SRC-VELOSTAT-SUBSTRATE-STIFFNESS,research/protocols/05_velostat_stiffness_GATE_experiment.md,research_team,GATE PASS-C: tín hiệu độ cứng phải lớn hơn drift của cảm biến,2026-08-26
CLM-NOV-002,novelty,"Self-validation (ô tham chiếu phát hiện drift) và longitudinal tại nhà KHÔNG mới (đã có patent/prior art) — chỉ là execution hỗ trợ, không claim là mới",novelty_constraint,SUPPORTED,PEER_REVIEWED,SRC-DRIFT-PATENT-BASELINE,research/reviews/00_EXPLORATION_SUMMARY.md,research_team,Không claim mới; trích dẫn prior art,2026-08-26
CLM-HW-001,hardware,Phần cứng: Velostat (mảng áp lực) + Arduino Mega (ADC) + Orange Pi 5 Pro (Edge-AI); transport GPIO UART đã chạy (owner-reported); hiệu năng chưa đo,design_decision,PROVISIONAL,SUPERSEDED_BY_CLM-HW-002,SRC-OWNER-2026-08-26,research/protocols/04_orangepi5pro_mega2560_bringup_tests.md,research_team,Phần Mega 2560 đã bị thay bằng ESP32-S3 (DEC-HW-003),2026-08-26
CLM-ETH-001,ethics,Không chẩn đoán/điều trị/tiên lượng loét; không thay thế bác sĩ/elastography; không thử trên người trước IRB/SRC (giai đoạn đầu chỉ bench/phantom),compliance_claim,SUPPORTED,OWNER_DIRECTIVE,SRC-OWNER-2026-08-26,docs/01_Topic_Definition.md,project_owner_and_IRB,Giữ ngôn ngữ 'sàng lọc/theo dõi nguy cơ',2026-08-26
CLM-TOPIC-002,scope,Đề tài (chốt 2026-09-13): găng tay thông minh hỗ trợ ĐÁNH GIÁ và THEO DÕI chức năng vận động bàn tay trong PHCN sau đột quỵ; không phải thiết bị tập/robot PHCN,design_decision,ADOPTED,OWNER_DIRECTIVE,SRC-OWNER-2026-09-13-TITLE,docs/01_Topic_Definition.md,project_owner,Giữ nguyên định vị sản phẩm trong mọi văn bản,2026-09-13
CLM-NOV-003,novelty,"Ứng viên novelty (HẠ BẬC sau lượt rà soát prior art 2026-09-19): ""cảm biến HƯỚNG qua vách khung cứng"" không còn là nguyên lý vật lý mới — đã có phần tử áp điện trở 1 lõi + 4 vách phân biệt shear 4 hướng (Sensors 2015) và găng vỏ cứng khớp nối + da áp điện trở 2048 taxel (ART-Glove 2026, nhưng đo góc bằng encoder). Phần còn có thể claim: tổ hợp vách có preload + đọc vi sai để lấy DẤU gập/duỗi không dùng encoder/IMU/camera, cho theo dõi chức năng bàn tay",hypothesis,CONFLICTED,READ_ABSTRACT,SRC-SIDEWALL-PIEZO-2015; SRC-INTERLOCKED-MICRODOME-2014; SRC-ARTGLOVE-2026; SRC-CN116954366A-ARRAYGLOVE; SRC-ZHU-2017-GLOVE,research/reviews/2026-09-19_prior_art_novelty_gate1.md,research_team,"(1) đọc toàn văn 5 nguồn hệ trọng; (2) tra bằng sáng chế theo IPC A61B5/11, A61B5/22, A61B5/10, G01L1/14, A61H1/02; (3) lane R5 adjudicate; (4) owner chốt DEC-NOV-001; (5) GATE A. KHÔNG viết câu ""chưa ai làm"" cho tới khi xong 1-4",2026-09-19
CLM-NOV-004,novelty,Đọc vi sai bằng cặp sensing element đối xứng + ô tham chiếu để giảm ảnh hưởng drift đồng pha: KHÔNG mới (dummy-gauge kinh điển; và đã có găng dùng 2 phần tử ở 2 bên đốt ngón để tách thành phần lực từ 2020),novelty_constraint,SUPPORTED,PEER_REVIEWED + READ_ABSTRACT,SRC-DUMMYGAUGE-TEMPCOMP; SRC-OPENPAD-FINGER-2020,research/reviews/00_EXPLORATION_SUMMARY.md,research_team,Không claim là mới; trích prior art,2026-09-19
CLM-GAP-001,clinical_need,"Giữa các lần tái khám 1-3 tháng, kỹ thuật viên không có dữ liệu định lượng về việc bệnh nhân tập tại nhà — khoảng trống ""hộp đen"". Lượt rà soát 2026-09-19 thu hẹp phát biểu: khoảng trống còn ở GIAO ĐIỂM HẸP (lực hướng + MDC/ICC + cờ từ chối kết luận), vì đã có găng extended-monitoring 2006, app tablet chuẩn hóa MDC 2021, và găng robot theo dõi từ xa trong nước 2026",scientific_claim,PARTIALLY_CONTESTED,EXPERT_PANEL + CLINICIAN_INTERVIEW,SRC-AMIN-2024-SPASTICITY; SRC-OWNER-2026-09-13-CLIN,research/context/PROJECT_SNAPSHOT.md,research_team,"Đọc toàn văn SRC-LOWCOST-GLOVE-2006 + SRC-MULTITOUCH-APP-2021 trước khi viết mục A.1; bỏ mọi câu ""hệ thống đầu tiên""",2026-09-19
CLM-HW-002,hardware,Phần cứng chốt: sensing element Velostat+copper tape trên khung in 3D; CD74HC4067; ESP32-S3 (thay Mega 2560); Orange Pi 5 Pro cho INT8,design_decision,ADOPTED,OWNER_DIRECTIVE,SRC-OWNER-2026-09-13-HW,docs/04_Hardware_Architecture.md,project_owner,"Mọi con số độ phân giải/tốc độ khung hiện là NGÂN SÁCH DỰ KIẾN, phải đo lại",2026-09-13
CLM-MET-001,methodology,GATE C (độ nhạy phát hiện thay đổi) là cổng sống còn; ngưỡng PASS/FAIL phải chốt TRƯỚC khi đo và không được chỉnh sau khi xem kết quả,compliance_claim,ADOPTED,OWNER_DIRECTIVE,SRC-OWNER-2026-09-13-HW,research/protocols/06_glove_hand_GATE_experiment.md,project_owner,Nếu GATE C fail: dừng đề tài và báo cáo trung thực,2026-09-13
CLM-ETH-002,ethics,Không chẩn đoán đột quỵ/mức độ liệt; không thay thế FMA/ARAT/Box and Block/goniometry; không thử trên người tham gia (kể cả người khỏe) trước IRB/SRC; toàn bộ GATE 0-F chỉ chạy trên phantom/bench,compliance_claim,SUPPORTED,OWNER_DIRECTIVE + OFFICIAL_RULE,SRC-ISEF-2026-HUMAN; SRC-OWNER-2026-09-13-TITLE,AGENTS.md,project_owner_and_IRB,"Giữ ngôn ngữ 'suy luận hướng', 'hỗ trợ theo dõi'",2026-09-13
CLM-NOV-005,novelty,"TRỌNG TÂM NOVELTY ĐỀ XUẤT SAU LƯỢT RÀ SOÁT 1: novelty chính dịch sang C — chỉ số chức năng bàn tay từ lực hướng, KÈM khung thống kê MDC/ICC và cờ từ chối kết luận, dùng tại nhà giữa hai lần tái khám; A giáng xuống mức ""cải tiến cấu hình + phương pháp lập luận""",hypothesis,PROPOSED_NEEDS_OWNER,READ_ABSTRACT,SRC-LOWCOST-GLOVE-2006; SRC-MULTITOUCH-APP-2021; SRC-MANUMETER-RCT-2022; SRC-STEF-MDC-2026; SRC-VNM-HS-GLove-2026,research/reviews/2026-09-19_prior_art_novelty_gate1.md,project_owner,"Owner chốt qua DEC-NOV-001; nếu chấp nhận -> cập nhật docs/01 §4, README §4, A.1/A.3 và outline; nếu không -> giữ A và chấp nhận rủi ro bị hội đồng chỉ ra prior art",2026-09-19
CLM-MET-002,methodology,"Ngưỡng GATE C phải được trình bày kèm mốc so sánh từ y văn: MDC95(STEF) = 12,7 điểm (ICC 0,98, n=53, bán cấp) và MDC(Manumeter) ≈ 31% mức dùng tay trung bình ngày + 100-200 counting sai/giờ. Không có mốc này thì ""MDC nhỏ"" không có nghĩa",methodology_claim,ADOPTED_AS_REFERENCE,READ_ABSTRACT,SRC-STEF-MDC-2026; SRC-MANUMETER-RCT-2022,research/protocols/06_glove_hand_GATE_experiment.md,research_team,Đọc toàn văn 2 bài để lấy đúng bảng số; KHÔNG đổi ngưỡng PASS/FAIL đã chốt (DEC-METRIC-001),2026-09-19
CLM-BIO-002,biomechanics,"Tập chủ động có trợ lực tạo đồng thời tín hiệu ly tâm (lệnh vận động) và hướng tâm (cảm giác bản thể) nên có cơ sở thần kinh học mạnh hơn tập thụ động đơn thuần; hệ quả thiết kế: thiết bị đo phải lượng hóa NỖ LỰC và mức tham gia, không chỉ chuyển động hoàn thành",scientific_claim,PARTIALLY_CONTESTED,READ_ABSTRACT,SRC-RAT-META-2022; SRC-ACTIVE-PASSIVE-2025; SRC-MPC-AAN-2026; SRC-RATULS-2019; SRC-EMG-SOFT-HAND-2021; SRC-OWNER-2026-09-19-AAT,research/reviews/2026-09-19_active_assisted_scope_options.md,project_owner,"Đọc toàn văn 4 bài nền. CẤM viết: ""thụ động không tái cấu trúc synap"", ""AAN triệt tiêu slacking"", ""robot tốt hơn thường quy về chức năng"". Được viết: chủ động > thụ động về chỉ số vận động, nhưng chưa thấy khác biệt về chức năng (RATULS)",2026-09-19
CLM-SCOPE-001,scope,"Việc thêm ""phương pháp phục hồi chủ động có trợ lực"" kèm bộ chấp hành (servo/Bowden, AAN, digital twin) là QUYẾT ĐỊNH ĐỔI TRỤC NGHIÊN CỨU, không phải bổ sung tính năng: phải đổi DEC-TOPIC-019, viết lại A.1/A.2/A.4 (""không phải thiết bị tập PHCN""), và mọi thử nghiệm trên người phải chờ IRB/SRC (AGENTS.md §4)",design_decision,ACCEPTED_BY_OWNER,OWNER_DIRECTIVE,SRC-OWNER-2026-09-19-AAT; SRC-VNM-REHABTECH-GD-2022; SRC-IRONHAND-2018; SRC-AAN-EMG-2024; SRC-THUMB-AAN-2026,research/reviews/2026-09-19_active_assisted_scope_options.md,project_owner,CHẤP NHẬN 2026-09-19 (DEC-SCOPE-003): phạm vi E4+E5+E6. Điều kiện: giai đoạn này chỉ làm cơ sở lý thuyết; ngưỡng GATE A′/RAL chưa chốt; chưa viết script. docs/01 §1 và A.4 KHÔNG đổi (thiết bị đeo vẫn là công cụ đo; bộ chấp hành chỉ nằm trên rig),2026-09-19
CLM-NOV-006,novelty,"Ở ISEF/ViSEF, một dự án tích hợp thuần các công nghệ có sẵn vẫn đạt giải cao nếu có (a) bài toán ghép mà chưa ai ghép, (b) demo chạy thật, và (c) 3–5 con số tự đo có đơn vị. Chứng cứ: ROBO065T (ISEF 2025, giải Tư) = YOLO11 + Nav2 + Gemma2 + Telegram, claim là ""first fully integrated mobility-communication system for ALS patients"", kèm 97,11% / 0,12 m / 93,33% / <5,33 s",novelty_constraint,SUPPORTED,PRIMARY_FAIR_RECORD,SRC-ISEF-2025-ROBO065T; SRC-ISEF-2025-ALS-PRESS,research/reviews/2026-09-19_active_assisted_scope_options.md,project_owner,"CHỈ dùng trong research/ — chủ dự án quyết định KHÔNG trích dự án tham chiếu ISEF 2025 vào hồ sơ nộp. Không suy rộng thành ""mọi dự án tích hợp đều được giải"": phải có con số tự đo",2026-09-19
CLM-THEO-001,methodology,"Ba construct lượng hóa nỗ lực (Effort Index, Gap AROM−PROM, RAL) được định nghĩa hình thức trong docs/02 §7.3 và về nguyên tắc đo được trên rig không cần bộ chấp hành trên người; khả năng tách ""nỗ lực khi chưa cử động"" khỏi nhiễu và co cứng nền vẫn là GIẢ THUYẾT, chờ GATE A′",hypothesis,PROPOSED,NONE,SRC-OWNER-2026-09-19-AAT; SRC-KAPS-2017; SRC-AAN-EMG-2024; SRC-MPC-AAN-2026,docs/02_Theoretical_Foundation.md,project_owner,"Giai đoạn hiện tại = cơ sở lý thuyết (chỉ thị 2026-09-19). Khi sang giai đoạn rig: chốt ngưỡng TRƯỚC khi đo, rồi mới viết script thống kê (hiện repo chưa có script nào) — chủ dự án yêu cầu HOÃN script",2026-09-19
CLM-MET-003,methodology,"Từ chuỗi truyền đo (cơ → áp lực tác dụng lên vách → ΔR → ADC) rút ra hai kết quả thiết kế: (a) điều kiện tín hiệu KHÔNG phụ thuộc diện tích patch vì cả tín hiệu lẫn nền cùng chia cho A_c, mà phụ thuộc tỉ số preload/nỗ lực, cụ thể F_p ≤ 68·γ·ΔF để ΔV ≥ 8 LSB; (b) tồn tại cửa sổ làm việc HAI ĐẦU (trở nguồn R_0 phải đủ thấp cho ADC + MUX, preload phải đủ thấp để còn nhìn thấy nỗ lực) — cửa sổ này rộng hay hẹp là câu hỏi GATE 0, không phải câu hỏi suy luận.",methodology_claim,PROPOSED,ANALYSIS_ONLY,SRC-SIDEWALL-PIEZO-2015; SRC-HOPKINS-2020-VELOSTAT-SOCKET; SRC-TW-SPASTICITY-2022,docs/02_Theoretical_Foundation.md,project_owner,"Chỉ là **dự toán bậc độ lớn** (docs/02 §5.5), dùng để thiết kế GATE 0 và rig E4. Khi GATE 0 có số liệu: kiểm tra γ, R_max(ADC+MUX) và cập nhật (a)/(b) theo số thật; KHÔNG được dùng nó làm ""bằng chứng đề tài chạy được"".",2026-09-19
CLM-NOV-007,novelty,"Khác biệt còn lại của đề tài nằm ở TẦNG TỔ HỢP + KHUNG THỐNG KÊ (đo AROM so với PROM, RAL bằng tải cơ khí đã biết, cờ độ tin cậy phiên), KHÔNG ở tầng nguyên lý; và đề tài được phép dùng mẫu câu ""first to integrate A+B for [nhóm người dùng cụ thể]"" khi kèm số liệu tự đo.",novelty_constraint,PROPOSED_NEEDS_OWNER,READ_ABSTRACT,SRC-IRONHAND-2018; SRC-AAN-EMG-2024; SRC-TW-SPASTICITY-2022; SRC-GRATING-GLOVE-2021; SRC-ARTGLOVE-2026; SRC-CN116954366A-ARRAYGLOVE,docs/05_De_Cuong_Dang_Ky_DRAFT.md,project_owner,"Chủ dự án xét trong DEC-SCOPE-004: lấy bảng phân biệt ở docs/05 §4 làm mục chính thức của hồ sơ (giữ nguyên các hàng ""cấm""), đồng thời quyết định có đổi id SRC-IRONHAND-2018 → SRC-IRONHAND-2016 hay không (id là khoá không mang nghĩa; hiện giữ nguyên để tránh tham chiếu treo).",2026-09-19
CLM-MET-004,methodology,"Báo cáo nộp cuộc thi được thiết kế theo chuẩn hình thức đo được từ benchmark trong nước: 15–20 trang, ≥1,3 ô trình bày (hình/bảng) trên mỗi trang, mỗi mục tiêu đúng 1 con số tự đo, mỗi GATE dành trước 1 ô; tài liệu lý thuyết nội bộ (`docs/02`, 387 dòng) nén còn ~2 trang trong hồ sơ",methodology_claim,PROPOSED_NEEDS_OWNER,READ_FULL,SRC-XELAN-ALS-QG2025-REPORT; SRC-ISEF-2025-ROBO065T,research/reviews/2026-09-19_benchmark_xe_lan_ALS_QG2025.md,project_owner,Chủ dự án duyệt cùng `DEC-SCOPE-004`. Benchmark là hồ sơ dự thi của nhóm khác → **không** trích trong hồ sơ nộp; chỉ dùng làm ngưỡng hình thức. Chưa có số đo nào của đề tài nên chưa có ô nào trong báo cáo được điền.,2026-09-19
CLM-BIO-003,BIO,"Gánh nặng đột quỵ tại Việt Nam (GBD 2019, dân số ~98 triệu): tỉ lệ mới mắc 222 (95% UI 206–242)/100.000 dân/năm, tỉ lệ hiện mắc 1.541 (1.431–1.679)/100.000, đột quỵ là nguyên nhân tử vong hàng đầu trong nhóm tim mạch với 135.999 ca tử vong, xếp thứ 4/11 nước láng giềng về tử vong do đột quỵ. Hà Nội 168,9/1.182,2 và TP.HCM 207,1/1.221,8 theo RES-Q. Đề tài suy ra quy mô ""cỡ 1,5 triệu người đang sống sau đột quỵ"" bằng phép nhân của mình và phải nêu đó là phép suy ra, không phải số trong bài.",NỀN_VẤN_ĐỀ,SUPPORTED,PEER_REVIEWED,SRC-VN-STROKE-EPI-2025,docs/DE_CUONG_NOP_TRUONG.md §1.1; docs/bao_cao/A1_ly_do_chon_de_tai.md,agent (chủ dự án duyệt),"Đã đọc **một phần** (trang PMC + snippet Results/Discussion), nên không trích nguyên văn; nâng lên READ_FULL nếu cần câu chữ. A.1 đang dẫn DOI preprint SSRN → chủ dự án đổi sang DOI tạp chí *Glob Epidemiology*.",2026-09-19
CLM-BIO-004,BIO,"~80% người bệnh đột quỵ có tổn thương vận động chi trên ở giai đoạn sớm; chỉ ~50% số người liệt chi trên hoàn toàn lấy lại chức năng chi trên có ích sau 6 tháng; ~50% số người có tổn thương cánh tay lúc đầu còn vấn đề sau 4 năm. ba con số trích GIÁN TIẾP qua Cochrane 2014. Ý nghĩa với đề tài: bài toán là theo dõi **nhiều tháng–nhiều năm tại nhà**, không phải vài tuần nội trú.",NỀN_VẤN_ĐỀ,SUPPORTED,PEER_REVIEWED + READ_ABSTRACT,SRC-COCHRANE-UE-2014; SRC-HENDRICKS-2002-MOTORRECOVER,docs/DE_CUONG_NOP_TRUONG.md §1.2,agent (chủ dự án duyệt),"Cách trích bắt buộc là ""trích qua Pollock 2014"" (bản gốc Langhorne 2009/Kwakkel 2003/Broeks 1999 chưa được đọc). A.1 gán 80% cho Hendricks 2002 → nghi gán sai, ghi ở SRC-HENDRICKS-2002-MOTORRECOVER (UNVERIFIED); chủ dự án quyết định, agent không tự sửa A.1.",2026-09-19
CLM-HW-003,hardware,"Kiến trúc đo ĐÃ NỘP (PDF 2026-09-26 §8-§9): Velostat + đồng 0,05mm + khung PETG có bu-lông preload; cầu vi sai hai vách + R_ref=10kΩ 0,1%/25ppm; INA333 G=10 (CMRR≥100dB); ADS1115 16-bit (±2,048V, 62,5µV/LSB); MCP6001 đệm; 2xCD74HC4067; ESP32-S3 (IIR bậc 2 fc=10Hz, Notch 50Hz, BLE 50Hz); 1 IMU LSM6DS3 bù nghiêng; SHT30 bù nhiệt-ẩm; nguồn LiPo 3,7V TP4056+HT7333. THAY ngân sách docs/04 cũ (ADC ESP32-S3 12-bit, V_EX=3,1V, 100kΩ/10-bit/1,51mV, 6 IMU).",design_decision,PROPOSED,DOCUMENT_ONLY,SRC-DECUONG-PDF-2026-09-26,docs/04_Hardware_Architecture.md §8,project_owner,Owner chốt DEC-HW-005 + trả lời I6 (12 kênh vi sai là gì) và I7 (góc khớp cho GAP lấy từ đâu khi chỉ còn 1 IMU); sau đó cập nhật protocols/08 §3 (R_max của chuỗi mới) và docs/02 §5.5 (số học cửa sổ preload với LSB mới).,2026-09-27
CLM-MET-005,methodology,"Bộ ngưỡng nghiệm thu ĐÃ NỘP: M1-M6 (§5.2) + C1.1-C1.10 (§11.1) — trong đó R² 0,90 (thay 0,95); liên ngày dùng CV≤8% trên phantom (thay ICC≥0,75); hysteresis ≤18% (thay 15%); creep ≤8% giữ 60s@5N (thay creep_2dec≤3%); trôi/tín hiệu ≤2,0/10 ngày qua auto-zero (bỏ điều kiện so ΔV@1N); M6 phát hiện đeo lỏng ≥80% qua V_base (thay fault-injection ≥4/5). Chưa có số đo nào nên đổi ngưỡng lúc này không vi phạm DEC-METRIC-001, nhưng cần phê chuẩn chính thức.",methodology_claim,PROPOSED,DOCUMENT_ONLY,SRC-DECUONG-PDF-2026-09-26,research/protocols/08_gate0_execution_plan.md §7 (ghi chú),project_owner,"Owner chốt DEC-METRIC-002 (phê chuẩn C1.x/M1-M6 làm ngưỡng chốt-trước-khi-đo); làm rõ I1 (50Hz vs 20Hz) và I8 (dải preload 0,5-10N vs cửa sổ [0,5;2,0]N).",2026-09-27
CLM-DEF-001,methodology,"Định nghĩa chỉ số ĐÃ NỘP: GAP = PROM-AROM (≥0°, cùng phiên, theo giao thức, KHÔNG suy nguyên nhân yếu/co cứng/khớp); RAL = nấc tải nhỏ nhất (g, thang 120→0g) đạt P_complete≥80% qua 10 chu kỳ gập/duỗi mỗi nấc trên giàn+phantom (là đặc trưng giao thức kiểm định, không phải bằng chứng hồi phục); EI = trung vị biến thiên phổ tín hiệu vi sai 12 kênh chuẩn hóa theo vận tốc góc cùng phiên, công thức/cửa sổ/ngưỡng cố định trước khi đo, chỉ so sánh nội bộ cùng giao thức. Ghi đè các định nghĩa cũ: GAP AROM-PROM (README/DE_CUONG_NOP_TRUONG), GAP mẫu chuẩn hóa (docs/02 §7.3), EI=E/(E+E_nền) (docs/02 §7.3/protocols/07), RAL thực/yêu cầu ∈[0,1] (README/DE_CUONG_NOP_TRUONG).",methodology_claim,PROPOSED,DOCUMENT_ONLY,SRC-DECUONG-PDF-2026-09-26,docs/02_Theoretical_Foundation.md §11; research/reviews/2026-09-27_decuong_pdf_sync.md §5.3,project_owner,"Owner chốt trong DEC-METRIC-002: (a) GAP theo PDF (độ, PROM-AROM) và nguồn đo góc (I7); (b) công thức EI tường minh còn nợ (PDF mới mô tả chữ); (c) RAL theo PDF (g + giao thức). Sau chốt: sửa đồng bộ README/docs/02/protocols/06-07.",2026-09-27
CLM-HW-004,hardware,"ĐỀ XUẤT CƠ KHÍ (chưa in/chưa đo lực): thay khung ốp 1 đốt ngón kiểu ""ống kín phải xỏ ngón vào + bu-lông kẹp"" (docs/04 §6/§8) bằng khung vỏ-sò 2 mảnh (mu tay + lòng tay) nối bằng bản lề trục in 3D (3 khớp ống + chốt rời phi ~2mm) ở 1 cạnh bên, khóa bằng ngàm cài có răng 2 nấc (đàn hồi, không cần dụng cụ) ở cạnh bên kia; mỗi mảnh có hốc khoét sẵn để dán sensing element Velostat+đồng. Mục tiêu: người chăm sóc đặt đốt ngón vào nửa mu tay đang mở rồi gập nửa lòng tay xuống và cài ngàm, KHÔNG phải ép/luồn ngón tay liệt/co cứng qua vòng kín. File CAD tham số: hardware/cad/finger_shell_hinge/ (CadQuery, xuất STEP+STL, có script render xem nhanh). Kích thước đốt ngón (W_in=19mm, H_in=16mm, L=24mm) là SỐ GIẢ ĐỊNH, chưa đo bằng thước cặp trên người dùng thật. THAY DOI THIET KE 2026-10-07 (theo yeu cau chu du an, round tiep theo trong cung ngay): tiet dien mat cat ngang cua khung (ca top_shell va bottom_shell) duoc ve lai tu hinh hop chu nhat bo goc nho (r_in=2.5mm/r_out=4.0mm, nhin ""vuong, cung ngac"" theo nhan xet cua chu du an) sang dang ""vien thuoc det"" (flat-top capsule): giu nguyen 1 doan THANG rong flat_w=12mm o giua 2 mat mu tay/long tay (cho hoc cam bien 8mm + bien 2mm), nhung 2 canh hong (phia ban le va phia ngam cai) nay la 1 nua elip TRON LIEN TUC (ban truc Y=5.7mm, Z=10.2mm), khong con doan thang hay goc vuong nao o canh hong. Trien khai o CA HAI file: finger_shell_hinge.py (ham rounded_prism() dung chuoi ellipseArc() cua CadQuery/OpenCASCADE) va finger_shell_hinge.scad (ham capsule_profile_pts()+module capsule_prism() tu viet, lay mau n=16 diem/goc phan tu, suy ra cong thuc bu truc xoay rotate([0,90,0]) cua OpenSCAD tu nguyen ly dau). Da kiem chung: (1) cross_check.py -- the tich+bbox 2 ban .py/.scad khop lai, lech 0.11-0.27% (chi do roi rac hoa polygon n=16 vs cung elip NURBS muot); (2) check_connectivity.py -- ca 6 STL (3 CadQuery + 3 OpenSCAD) deu 1 khoi lien; (3) check_latch_engagement.py -- moc/rang van giao nhau hinh hoc nhu truoc (khong hoi quy); (4) phan tich hinh hoc rieng (khong phai do tren mau in that): be day thanh con lai mong nhat ~2.075mm tai goc ~51.7 do tren cung elip ngoai (so voi t_wall=2.2mm danh dinh, giam ~6%, van an toan PETG 5 vong tuong 0.4mm). Xem README Sec.5d. LOI NGHIEM TRONG DA SUA 2026-10-07 (round tiep theo, phat hien khi chu du an yeu cau doi sang ban le ""in tai cho"" -- in lien 1 lan, khop ong boc quanh truc trong luc in, xoay tu do ngay sau khi in khong can lap tay): viet them check_hinge_sweep.py de quet giao nhau hinh hoc (CadQuery boolean intersect()) giua top_shell va bottom_shell qua TOAN BO dai goc mo (truoc day CHI xem bang mat o DUNG 1 goc cuoi 150 do qua anh render) -- phat hien voi DAU goc xoay CU (+150), 2 nua vo THAT SU DAM XUYEN NHAU toi ~600mm3 (30% the tich 1 nua) trong khoang goc +5..+100 do, chi ""tinh co"" sach lai dung o goc 150 do (goc duy nhat tung duoc render/xem truoc day) -- nghia la ban le NHU CU KHONG THE mo duoc bang chuyen dong xoay lien tuc that neu in that. Da sua: doi dau goc xoay trong build_open_bottom_shell() (.py) va assembly_open() (.scad) tu duong sang am. Da kiem chung: quet tung 5 do tu 0-150 do, giao nhau = 0.0mm3 o moi goc 15-145 do, 0.0246mm3 (khong dang ke) o 150 do -- PASS. Dong thoi sua them 1 loi nho phat hien cung luc: khop ong (knuckle) la hinh tru TRON DU tam dung tai mat phan 2 nua, mot nua khoi cua no luon tran sang phia doi dien -> chong lan ~9.4mm3 khong doi theo goc xoay (vi nam sat truc); da cat boss ve dung nua khong gian cua chinh no (half_space()/intersection()) truoc khi union, het chong lan nay. THAY DOI THIET KE 2026-10-07 (theo dung yeu cau ""ban le in tai cho""): tang khe ho ban kinh truc-lo (tham so moi pin_clearance) tu 0.15mm (so viet tay) len 0.3mm theo khuyen nghi cac nguon huong dan in FDM print-in-place (Snapmaker, FastPreci, QIDI 3D -- khoang khuyen nghi pho bien 0.2-0.4mm ban kinh), giu nguyen ban kinh truc dac ~1.0mm bang cach tang r_pin (lo) tu 1.15 len 1.3mm. Them ham export_print_in_place() (.py) xuat 1 file STL duy nhat gop ca 2 nua O TRANG THAI MO (khong boolean-union, 2 solid rieng biet, chi cach nhau dung khe ho) -- da kiem chung bang trimesh: tach dung 2 thanh phan kin nuoc (watertight) rieng biet, the tich khop voi tung nua xuat rieng. QUAN TRONG: file in gop PHAI o trang thai MO chu khong phai DONG, vi o trang thai dong ngam cai CO TINH cham/ngoam vao nhau (~51.5mm3, can thiet de khoa chat) -- neu in gop o tu the dong se lam dinh lien ngam cai vinh vien, mat kha nang dan hoi. Xem README Sec.5e. LOI DA SUA 2026-10-08 (phat hien khi chu du an yeu cau kiem chung lai ban le du 3 dieu: xoay tu do / khong loi / khong de roi ra ngoai -- dieu thu 3 la yeu cau MOI chua tung duoc kiem tra): check_hinge_sweep.py (2026-10-07) chi quet GOC XOAY, chua bao gio quet CHUYEN VI DOC TRUC -- phat hien truc ban le (build_pin()) la hinh tru BAN KINH KHONG DOI suot chieu dai, chi bo tron 2 dau thanh chom ban cau, KHONG CO vai/mu/go nao rong hon lo khop ong o bat ky dau doc truc -> vi 2 khop ong cua nua long tay la 1 khoi cung di chuyen cung nhau, KHONG CO GI ve mat hinh hoc ngan ca nua long tay truot doc truc va tuot han ra khoi 1 trong 2 dau truc. Da sua: them 2 'vai chan' hinh TRU DONG TRUC (khong dung hinh cau vi hinh cau tao diem cuc ky di khi xuat STL, bi check_connectivity.py bao nham la manh roi) ban kinh pin_retain_r=2.2mm (lon hon r_pin=1.3mm de chan tuot, nho hon r_knuckle=3.0mm de an gon trong boss co san, khong tao go nhoi moi), dai pin_retain_len=2.0mm, dat dung tam khop ong DAU va CUOI thuoc nua mu tay, chi ap dung khi PIN_INTEGRATED=true. Them cong cu kiem tra moi check_axial_retention.py: quet chuyen vi doc truc X tu 0 den +-25mm, tinh giao nhau boolean that giua bottom_shell da dich chuyen va truc, o CA 2 phien ban truc (cu/moi) de doi chung -- xac nhan truc CU: 0.0mm3 giao nhau o MOI buoc quet ca 2 huong (khong chan gi ca, DUNG LA co the tuot de dang); truc MOI: toi 9.90mm3 giao nhau truoc khi qua duoc o CA 2 huong (bi chan that). Da kiem chung lai toan bo sau khi sua, khong hoi quy: check_hinge_sweep.py van PASS (0.0246mm3 toi da vung mo that, khong doi so voi truoc), check_connectivity.py PASS (1 khoi lien ca .py/.scad, da het loi manh roi tu phuong an hinh cau ban dau), check_latch_engagement.py PASS (khong doi), cross_check.py PASS (.py/.scad khop hinh hoc, lech <0.3%). Da trien khai dong bo ca finger_shell_hinge.py (ham build_pin(with_retention=...)) va finger_shell_hinge.scad (module hinge_pin(), ham knuckle_center_x()), da render lai qua render_scad_wasm.mjs va render_preview.py. GIOI HAN TU KHAI: day la bang chung HINH HOC (can dam xuyen vat lieu moi truot qua duoc vai chan), CHUA phai bang chung ve LUC can thiet de keo tuot that (do ben keo/cat PETG tai vung vai chan, dung sai in that) -- van can in thu va thu keo tay truoc khi coi la 'chac chan khong roi ra' trong thuc te. Xem README Sec.5f. THAY DOI 2026-10-08 (theo yeu cau chu du an 'xoay chinh sua sao cho khi de len slicer thi support tao ra se it nhat di'): khong co slicer that (PrusaSlicer/Cura CLI) chay duoc trong sandbox nay, nen dung THUOC DO HINH HOC THAY THE (proxy) dung dung tieu chi ma moi slicer FDM dung de quyet dinh sinh support: tam giac mat CAN support neu huong phap tuyen chuc xuong qua 45 do so voi phuong ngang (nguong mac dinh pho bien PrusaSlicer/Cura), tinh TREN LUOI TAM GIAC HOA THAT (CadQuery tessellate()) khong phai uoc luong. Viet check_print_orientation.py: quet 24 huong dat theo truc chinh (moi cach dat phang 1 mat xuong ban roi xoay quanh truc dung), do tong dien tich overhang o moi huong cho ca top_shell_dorsal va bottom_shell_palmar. Ket qua: huong THIET KE GOC (nhu xuat STL truoc day, khong xoay) co overhang 522.2mm2 (18.4% be mat) cho top_shell_dorsal va 249.1mm2 (9.0%) cho bottom_shell_palmar; huong TOT NHAT trong 24 huong (xoay 90 do quanh truc Y, dua truc ban le ve THANG DUNG trung truc Z may in) giam con 245.3mm2 (8.6%, giam 53%) va 140.5mm2 (5.1%, giam 44%) tuong ung -- CHINH LA huong da duoc khuyen nghi bang loi tu truoc (de lo chot in theo lop tron hoan chinh), nay duoc XAC NHAN BANG SO la cung toi uu cho overhang. Da thu them nghieng nho quanh 2 truc con lai quanh huong nay (luoi tho +-30 do, buoc 5 do) -- chi cai thien them ~1 diem % cho top_shell_dorsal, khong dang ke cho bottom_shell_palmar, trong khi dat nghieng lam mat mat phang tua ban in on dinh -- KHONG dang danh doi, giu nguyen huong xoay theo truc chinh (khong nghieng). Da TRIEN KHAI: them ham print_ready() (.py) va sua module top_shell_print_ready()/bottom_shell_print_ready() (.scad, doi dau goc xoay tu -90 sang +90 cho khop huong toi uu, them translate() nang manh len cho day cham dung Z=0 mat ban in) -- xuat file moi out/top_shell_dorsal_print_ready.stl/.step va out/bottom_shell_palmar_print_ready.stl/.step (DA XOAY SAN, nap thang vao slicer la dung huong khuyen nghi, khong can nguoi dung tu xoay tay nua). Da doi chieu cross_check.py: 2 ban .py/.scad cua ca 2 file print-ready khop hinh hoc (lech the tich 0.10%, bbox khop). Da kiem chung lai toan bo, khong hoi quy: check_hinge_sweep.py, check_connectivity.py, check_latch_engagement.py, check_axial_retention.py deu PASS nhu truoc. GIOI HAN TU KHAI: day la THUOC DO HINH HOC THAY THE (proxy), KHONG PHAI chay slicer that -- so mm2 support THAT su ma PrusaSlicer/Cura sinh ra con phu thuoc them vao cai dat support cu the (nguong goc, kieu support, mat do, kha nang tu bac cau/bridging cua may in/vat lieu that) -- 8.6%/5.1% dien tich overhang con lai (chu yeu o canh tay don ngam cai, mep khop ong ban le cantilever, mep hoc cam bien) CHUA kiem chung bang slicer/may in that. Xem README Sec.6a. DINH CHINH 2026-10-08 (phat hien khi chu du an yeu cau """"dung vision kiem tra troi khi het loi"""" -- QA bang anh render + do the tich boolean chinh xac tren top_shell): ghi chu code CU (ca .py va .scad) tung noi 2 vai chan chong tuot truc (pin_retain_r, xem §5f/dong CLM-HW-004 ban cap nhat 2026-10-08 ban dau) """"an gon trong boss co san, KHONG tao go nhoi moi ra ngoai vo"""" -- DA DO LAI VA SAI. Do bang cut(top_shell CO vai chan, top_shell KHONG co vai chan) ra ~24mm3 vat lieu MOI, nam hoan toan o Z thuoc [-2.2, 0] (nua khong gian long tay), vi boss khop ong nua mu tay (add_hinge_knuckles()/hinge_knuckles()) chi la NUA hinh tru (intersect/half_space Z>=0), trong khi vai chan la hinh tru TRON DU (ca 2 nua Z) -- nua Z<0 cua moi vai chan lo ra thanh 1 cuc u nho (ban kinh 2.2mm, dai 2mm) trong khe ho giua cac khop ong, phia long tay. XAC NHAN day KHONG PHAI loi hinh hoc/va cham: check_hinge_sweep.py van PASS (0.0246mm3, khong doi); cuc u khong vuot ban kinh ngoai lon nhat cua vo (2.2mm < r_knuckle=3.0mm); va VE MAT KY THUAT cuc u BAT BUOC phai co vat lieu o dung nua Z<0 thi moi thuc su chan duoc khop ong long tay (co lo nam o Z<0) -- neu gioi han vai chan ve chi Z>=0 (de """"an"""" dung nghia den) se MAT HOAN TOAN tac dung chong tuot truc da chung minh o check_axial_retention.py. Day la mot DANH DOI THIET KE CO CHU DICH VA CAN THIET (lo nhe ve tham my trong khe ho, doi lay chuc nang chong tuot truc hoat dong that), KHONG PHAI """"an hoan toan"""" nhu mo ta ban dau -- da sua lai ghi chu trong ca finger_shell_hinge.py va finger_shell_hinge.scad (dinh nghia pin_retain_r) cho khop voi so do that, va them cong cu kiem tra moi check_retention_collar_exposure.py (xac nhan cuc u: (a) co that - khop voi check_axial_retention.py, (b) chi lo o nua long tay Z<0, (c) khong vuot ban kinh ngoai r_knuckle -- PASS ca 3 dieu kien). Da kiem chung lai toan bo sau khi sua (chi sua comment, khong doi hinh hoc): check_hinge_sweep.py, check_connectivity.py, check_latch_engagement.py, check_axial_retention.py, check_print_orientation.py, cross_check.py deu PASS nhu truoc, khong hoi quy. Xem README Sec.5f (muc 'Dinh chinh 2026-10-08').",design_decision,PROPOSED,DOCUMENT_ONLY,SRC-OVAL8-ALIMED; SRC-FINGERORTHO-CULTS3D; SRC-HEROGLOVE-PMC2020,"hardware/cad/finger_shell_hinge/README.md; docs/04_Hardware_Architecture.md §6; hardware/cad/finger_shell_hinge/finger_shell_hinge.scad (ban OpenSCAD, da chay qua chinh engine OpenSCAD 2025.01.19 that trong sandbox qua openscad-wasm-prebuilt/Node.js; doi chieu the tich+bbox voi ban CadQuery khop trong sai so <0.3%, xem cross_check.py -- bang chung hinh hoc dung, khong phai bang chung cong thai hoc/co hoc); LOI DA SUA 2026-10-07 (phat hien boi chu du an khi tu mo file .scad bang OpenSCAD that): latch_arm cua bottom_shell lech 2.8mm khong cham vo -> xuat STL tach thanh 2 manh roi (khong in duoc nguyen khoi). Da them goc noi (rib) va kiem chung lai bang hardware/cad/finger_shell_hinge/check_connectivity.py (trimesh, dem connected components) -- ca 2 ban .py va .scad deu da ve 1 khoi lien. Xem README Sec.5a.; THAY DOI THIET KE 2026-10-07 (theo yeu cau chu du an): them tham so PIN_INTEGRATED (mac dinh true) - truc ban le HAN LIEN vao nua mu tay (top_shell), in 1 khoi duy nhat, khong con chot roi; nua long tay van tach rieng (khoan lo truot quanh truc co dinh). Danh doi: mat lua chon thay chot in bang que kim loai cung neu truc gay (xem README Sec.5b). Da kiem chung lai bang check_connectivity.py (van 1 khoi lien) va cross_check.py (2 ban .py/.scad van khop <0.3%). LOI #3 DA SUA 2026-10-07 (phat hien khi chu du an yeu cau ""check lai co che chinh xac"": moc ngam (hook) o Z=11.2-12.8mm nhung CA HAI nac rang (latch_catch) o Z=2.45-3.85mm va 5.05-6.45mm -- lech nhau 5-9mm, KHONG CO diem giao nhau Z nao -> ngam cai nhu cu KHONG THE khoa duoc du ca tay don lan khoi ngam deu in duoc binh thuong (lien khoi, dung kich thuoc). Loi nay KHONG bi cross_check.py bat (cong thuc lech giong het nhau o ca 2 file .py/.scad) cung KHONG bi check_connectivity.py bat (khong tach manh roi) -- la 1 lop loi khac: dung ket noi + dung kich thuoc nhung SAI tuong tac co khi giua 2 chi tiet. Da sua: tinh vi tri rang truc tiep tu vi tri nghi cua moc (hook_rest_z = arm_h - 1.0) thay vi 1 ti le doc lap, tang catch_h tu 9.0 len 14.0mm, them assert() canh bao neu truong hop nay tai dien. Them cong cu kiem tra moi hardware/cad/finger_shell_hinge/check_latch_engagement.py (kiem tra bounding-box 2 chi tiet co vai tro an khop CO THUC SU giao nhau hinh hoc hay khong, lay so lieu TRUC TIEP tu ma nguon) -- da xac nhan moc va nac rang 0 giao nhau (Y~1.31mm, Z~1.40mm) sau khi sua. Cung da bo tron 2 dau truc ban le (dang vien nang/capsule) va cac canh doc cua khoi ngam/tay don/moc (ban kinh nho 0.3-0.8mm) de giam canh sac -- chua bo tron mep ho 2 dau ong (hoan lai, xem README Sec.5c). Van CHUA kiem chung bang mau in that (luc cai, do ben moi, duong di 3D thuc cua moc khi xoay quanh ban le). Xem README Sec.5c. Ban cap nhat 2026-10-07 (tiet dien capsule): out/renders/03_assembly_closed_iso.png va 04_assembly_closed_end.png (xac nhan truc quan canh hong tron, mat mu/long tay van phang); out/scad/*.stl (5 chi tiet, da render lai qua openscad-wasm-prebuilt sau khi sua .scad). Ban cap nhat 2026-10-07 (sua loi va cham ban le + in-tai-cho): hardware/cad/finger_shell_hinge/check_hinge_sweep.py (cong cu kiem tra moi, quet va cham qua ca dai goc mo); out/renders/09_hinge_sweep_bug_before_after.png (anh so sanh truoc/sau sua loi, bang chung truc quan); out/assembly_open_print_in_place.stl (file in gop 2 nua, da kiem chung bang trimesh); out/scad/assembly_open.stl (tuong duong ben OpenSCAD). Ban cap nhat 2026-10-08 (chong tuot doc truc): hardware/cad/finger_shell_hinge/check_axial_retention.py (cong cu kiem tra moi, quet chuyen vi doc truc); out/renders/10_axial_retention_fix_before_after.png (anh so sanh truoc/sau sua loi); out/ (toan bo STL/STEP da xuat lai voi truc co vai chan). Ban cap nhat 2026-10-08 (xoay huong in giam support): hardware/cad/finger_shell_hinge/check_print_orientation.py (cong cu kiem tra moi, quet 24 huong dat ban in); out/renders/11_print_orientation_overhang_before_after.png (anh so sanh truoc/sau); out/top_shell_dorsal_print_ready.stl/.step, out/bottom_shell_palmar_print_ready.stl/.step (file da xoay san de in).; hardware/cad/finger_shell_hinge/check_retention_collar_exposure.py (cong cu kiem tra moi, 2026-10-08); hardware/cad/finger_shell_hinge/render_retention_collar_check.py; out/renders/17_retention_collar_bump_check.png (anh minh hoa cuc u, tach rieng vat lieu moi)",project_owner (agent chỉ đề xuất),"Owner duyệt hướng cơ khí (DEC-HW-006); sau đó: (1) đo thước cặp đốt ngón thật để cập nhật W_in/H_in/L, (2) in thử PETG 1 cặp mảnh + chốt, (3) kiểm tra lắp/tháo định tính (có đau không, bao lâu), (4) đo lực kẹp/preload thật trên bench trước khi gắn sensing element — chưa có số đo cơ khí nào ở bước này.",2026-10-08
